iter	Logloss
0	0.5880130279
1	0.52166606
2	0.4877755949
3	0.4628080698
4	0.4315396997
5	0.4131481009
6	0.393538837
7	0.3708134723
8	0.3642793895
