iter	Logloss
0	0.5497114149
1	0.4917653215
2	0.4465223525
3	0.3937409364
4	0.3657042726
5	0.3412909437
6	0.3247521963
7	0.3112591892
8	0.2975488168
9	0.291058439
10	0.2811670263
11	0.2720090106
